act_name,start_date,end_date,code,month
超级转盘,2023-11-26,2023-11-30,turn,2023-10-1
行脚商人,2023-11-6,2023-11-9,shop,2023-10-1
行脚商人,2023-11-24,2023-11-27,shop,2023-10-1
祭,2023-10-22,2023-10-25,ji,2023-9-1
祭,2023-11-14,2023-11-17,ji,2023-10-1
累计充值,2023-11-1,2023-11-5,acpay,2023-10-1
累计充值,2023-11-22,2023-11-25,acpay,2023-10-1
累计充值,2023-11-28,2023-11-30,acpay,2023-10-1
列国巡游,2023-11-6,2023-11-9,travel,2023-10-1
列国巡游,2023-11-22,2023-11-25,travel,2023-10-1
神兵出世,2023-9-25,2023-9-28,soldier,2023-8-1
神兵出世,2023-11-18,2023-11-21,soldier,2023-10-1
深海秘宝,2023-10-14,2023-10-17,sea,2023-9-1
深海秘宝,2023-11-10,2023-11-13,sea,2023-10-1
神魔之乱,2023-12-1,2023-12-5,monster,2023-11-1
幸运夺宝,2023-10-22,2023-10-25,luck,2023-9-1
幸运夺宝,2023-11-10,2023-11-13,luck,2023-10-1
幸运夺宝,2023-11-22,2023-11-25,luck,2023-10-1
自由集市,2023-10-26,2023-10-29,free,2023-9-1
自由集市,2023-11-10,2023-11-13,free,2023-10-1
自由集市,2023-11-18,2023-11-21,free,2023-10-1
行脚商人,2023-12-6,2023-12-9,shop,2023-11-1
深海秘宝,2023-12-6,2023-12-9,sea,2023-11-1
超级转盘,2023-12-10,2023-12-14,turn,2023-11-1
累计充值,2023-12-1,2023-12-5,acpay,2023-11-1
限购礼包,2023-11-16,2023-11-22,good,2023-10-1
限购礼包,2023-12-8,2023-12-14,good,2023-11-1
行脚商人,2023-12-15,2023-12-18,shop,2023-11-1
祭,2023-12-15,2023-12-18,ji,2023-11-1
限购礼包,2023-12-19,2023-12-24,good,2023-11-1
累计充值,2023-12-19,2023-12-22,acpay,2023-11-1
神兵出世,2023-12-19,2023-12-22,soldier,2023-11-1
幸运夺宝,2023-12-19,2023-12-22,luck,2023-11-1
行脚商人,2023-12-23,2023-12-27,shop,2023-11-1
你选我送,2023-12-23,2023-12-27,gift,2023-11-1
圣诞活动,2023-12-23,2023-12-27,chris,2023-11-1
累计充值,2023-12-28,2023-12-31,acpay,2023-11-1
超级转盘,2023-12-28,2023-12-31,turn,2023-11-1
你选我送,2024-1-1,2024-1-5,gift,2023-12-1
限购礼包,2024-1-1,2024-1-7,good,2023-12-1
自由集市,2024-1-1,2024-1-3,free,2023-12-1
行脚商人,2024-1-4,2024-1-7,shop,2023-12-1
累计充值,2024-1-8,2024-1-12,acpay,2023-12-1
祭,2024-1-8,2024-1-12,ji,2023-12-1
限购礼包,2024-1-10,2024-1-12,good,2023-12-1
行脚商人,2024-1-13,2024-1-17,shop,2023-12-1
自由集市,2024-1-13,2024-1-17,free,2023-12-1
超级转盘,2024-1-13,2024-1-19,turn,2023-12-1
祭,2024-1-20,2024-1-22,ji,2023-12-1
累计充值,2024-1-18,2024-1-22,acpay,2023-12-1
神兵出世,2024-1-20,2024-1-22,soldier,2023-12-1
神魔之乱,2024-1-23,2024-1-28,monster,2023-12-1
累计充值,2024-1-23,2024-1-25,acpay,2023-12-1
行脚商人,2024-1-26,2024-1-28,shop,2023-12-1
限购礼包,2024-1-23,2024-1-28,good,2023-12-1
超级转盘,2024-1-29,2024-2-2,turn,2023-12-1
自由集市,2024-1-29,2024-2-2,free,2023-12-1
神魔之乱,2024-2-3,2024-2-7,monster,2024-1-1
行脚商人,2024-2-3,2024-2-7,shop,2024-1-1
深海秘宝,2024-2-8,2024-2-11,sea,2024-1-1
情人节活动,2024-2-12,2024-2-16,cp,2024-1-1
自由集市,2024-2-12,2024-2-16,free,2024-1-1
限购礼包,2024-2-12,2024-2-16,good,2024-1-1
超级转盘,2024-2-17,2024-2-21,turn,2024-1-1
限购礼包,2024-2-17,2024-2-21,good,2024-1-1
累计充值,2024-2-8,2024-2-11,acpay,2024-1-1
累计充值,2024-2-17,2024-2-21,acpay,2024-1-1
游园会,2024-2-23,2024-2-27,party,2024-1-1
列国巡游,2024-2-22,2024-2-25,travel,2024-1-1
限购礼包,2024-2-22,2024-2-27,good,2024-1-1
神魔之乱,2024-2-28,2024-3-3,monster,2024-1-1
行脚商人,2024-2-28,2024-3-3,shop,2024-1-1
深海秘宝,2024-3-4,2024-3-6,sea,2024-2-1
游园会,2024-3-7,2024-3-11,party,2024-2-1
累计充值,2024-3-7,2024-3-11,acpay,2024-2-1
自由集市,2024-3-7,2024-3-11,free,2024-2-1
限购礼包,2024-3-12,2024-3-17,good,2024-2-1
行脚商人,2024-3-12,2024-3-16,shop,2024-2-1
情人节活动,2024-3-12,2024-3-16,cp,2024-2-1
超级转盘,2024-3-17,2024-3-21,turn,2024-2-1
累计充值,2024-3-17,2024-3-21,acpay,2024-2-1
自由集市,2024-3-22,2024-3-26,free,2024-2-1
累计充值,2024-3-22,2024-3-26,acpay,2024-2-1
倍率转盘,2024-3-22,2024-3-26,turnpro,2024-2-1
游园会,2024-3-27,2024-3-31,party,2024-2-1
行脚商人,2024-3-27,2024-3-31,shop,2024-2-1
累计充值,2024-3-27,2024-3-31,acpay,2024-2-1
限购礼包,2024-3-28,2024-3-31,good,2024-2-1
神魔之乱,2024-4-1,2024-4-5,monster,2024-3-1
累计充值,2024-4-1,2024-4-5,acpay,2024-3-1
超级转盘,2024-4-6,2024-4-10,turn,2024-3-1
自由集市,2024-4-6,2024-4-10,free,2024-3-1
累计充值,2024-4-6,2024-4-10,acpay,2024-3-1
深海秘宝,2024-4-11,2024-4-15,sea,2024-3-1
情人节活动,2024-4-11,2024-4-15,cp,2024-3-1
游园会,2024-4-12,2024-4-15,party,2024-3-1
限购礼包,2024-4-11,2024-4-15,good,2024-3-1
行脚商人,2024-4-16,2024-4-20,shop,2024-3-1
限购礼包,2024-4-18,2024-4-20,good,2024-3-1
倍率转盘,2024-4-16,2024-4-20,turnpro,2024-3-1
累计充值,2024-4-16,2024-4-20,acpay,2024-3-1
幸运夺宝,2024-4-21,2024-4-24,luck,2024-3-1
累计充值,2024-4-21,2024-4-25,acpay,2024-3-1
列国巡游,2024-4-21,2024-4-25,travel,2024-3-1
超级转盘,2024-4-21,2024-4-25,turn,2024-3-1
行脚商人,2024-4-23,2024-4-25,shop,2024-3-1
游园会,2024-4-26,2024-4-30,party,2024-3-1
金币赏,2024-4-26,2024-4-30,gold,2024-3-1
你选我送,2024-5-1,2024-5-5,gift,2024-4-1
行脚商人,2024-5-1,2024-5-5,shop,2024-4-1
神魔之乱,2024-5-1,2024-5-5,monster,2024-4-1
累计充值,2024-5-1,2024-5-5,acpay,2024-4-1
限购礼包,2024-4-26,2024-4-30,good,2024-3-1
累计充值,2024-5-6,2024-5-9,acpay,2024-4-1
超级转盘,2024-5-6,2024-5-9,turn,2024-4-1
限购礼包,2024-5-7,2024-5-9,good,2024-4-1
游园会,2024-5-10,2024-5-14,party,2024-4-1
累计充值,2024-5-10,2024-5-14,acpay,2024-4-1
自由集市,2024-5-10,2024-5-14,free,2024-4-1
限购礼包,2024-5-15,2024-5-19,good,2024-4-1
金币赏,2024-5-15,2024-5-19,gold,2024-4-1
情人节活动,2024-5-15,2024-5-19,cp,2024-4-1
行脚商人,2024-5-20,2024-5-23,shop,2024-4-1
超级转盘,2024-5-20,2024-5-24,turn,2024-4-1
限购礼包,2024-5-23,2024-5-24,good,2024-4-1
倍率转盘,2024-5-25,2024-5-28,turnpro,2024-4-1
游园会,2024-5-25,2024-5-29,party,2024-4-1
深海秘宝,2024-5-25,2024-5-28,sea,2024-4-1
行脚商人,2024-5-30,2024-6-2,shop,2024-4-1
神魔之乱,2024-5-30,2024-6-3,monster,2024-4-1
限购礼包,2024-6-4,2024-6-8,good,2024-5-1
行脚商人,2024-6-8,2024-6-11,shop,2024-5-1
游园会,2024-6-8,2024-6-12,party,2024-5-1
限购礼包,2024-6-13,2024-6-16,good,2024-5-1
倍率转盘,2024-6-13,2014-6-16,turnpro,2024-5-1
情人节活动,2024-6-13,2024-6-17,cp,2024-5-1
行脚商人,2024-6-18,2024-6-21,shop,2024-5-1
超级转盘,2024-6-18,2024-6-21,turn,2024-5-1
金币赏,2024-6-18,2024-6-21,gold,2024-5-1
游园会,2024-6-22,2024-6-26,party,2024-5-1
深海秘宝,2024-6-23,2024-6-26,sea,2024-5-1
限购礼包,2024-6-27,2024-6-30,good,2024-5-1
神魔之乱,2024-6-27,2024-7-1,monster,2024-5-1
行脚商人,2024-7-2,2024-7-5,shop,2024-6-1
限购礼包,2024-7-4,2024-7-6,good,2024-6-1
自由集市,2024-7-6,2024-7-9,free,2024-6-1
游园会,2024-7-6,2024-7-10,party,2024-6-1
限购礼包,2024-7-8,2024-7-10,good,2024-6-1
倍率转盘,2024-7-11,2024-7-14,turnpro,2024-6-1
行脚商人,2024-7-11,2024-7-14,shop,2024-6-1
情人节活动,2024-7-15,2024-7-19,cp,2024-6-1
列国巡游,2024-7-20,2024-7-23,travel,2024-6-1
超级转盘,2024-7-20,2024-7-23,turn,2024-6-1
神魔之乱,2024-7-24,2024-7-28,monster,2024-6-1
限购礼包,2024-7-24,2024-7-27,good,2024-6-1
深海秘宝,2024-7-24,2024-7-27,sea,2024-6-1
游园会,2024-7-29,2024-8-2,party,2024-6-1
行脚商人,2024-7-29,2024-8-1,shop,2024-6-1
限购礼包,2024-8-3,2024-8-6,good,2024-7-1
情人节活动,2024-8-7,2024-8-11,cp,2024-7-1
限购礼包,2024-8-8,2024-8-10,good,2024-7-1
神魔之乱,2024-8-12,2024-8-16,monster,2024-7-1
行脚商人,2024-8-12,2024-8-15,shop,2024-7-1
游园会,2024-8-17,2024-8-21,party,2024-7-1
行脚商人,2024-8-22,2024-8-25,shop,2024-7-1
超级转盘,2024-8-22,2024-8-25,turn,2024-7-1
倍率转盘,2024-8-22,2024-8-25,turnpro,2024-7-1
限购礼包,2024-8-19,2024-8-21,good,2024-7-1
全民团购节,2024-8-26,2024-8-29,shopping,2024-7-1
神魔之乱,2024-8-26,2024-8-30,monster,2024-7-1
限购礼包,2024-8-28,2024-8-30,good,2024-7-1
情人节活动,2024-8-31,2024-9-4,cp,2024-7-1
神武锻造,2024-8-31,2024-9-3,god,2024-7-1
全民团购节,2024-9-6,2024-9-8,shopping,2024-8-1
行脚商人,2024-9-5,2024-9-8,shop,2024-8-1
超级转盘,2024-9-5,2024-9-8,turn,2024-8-1
倍率转盘,2024-9-5,2024-9-8,turnpro,2024-8-1
游园会,2024-9-9,2024-9-13,party,2024-8-1
限购礼包,2024-9-9,2024-9-13,good,2024-8-1
珍珠累销,2024-9-9,2024-9-13,pearl,2024-8-1
行脚商人,2024-9-14,2024-9-17,shop,2024-8-1
神魔之乱,2024-9-14,2024-9-18,monster,2024-8-1
神武锻造,2024-9-14,2024-9-16,god,2024-8-1
全民团购节,2024-9-18,2024-9-21,shopping,2024-8-1
自由集市,2024-9-18,2024-9-21,free,2024-8-1
自由集市,2024-8-31,2024-9-3,free,2024-7-1
超级转盘,2024-9-21,2024-9-25,turn,2024-8-1
限购礼包,2024-9-19,2024-9-23,good,2024-8-1
行脚商人,2024-9-26,2024-9-29,shop,2024-8-1
情人节活动,2024-9-26,2024-9-30,cp,2024-8-1
神武锻造,2024-9-27,2024-9-30,god,2024-8-1
限购礼包,2024-10-1,2024-10-4,good,2024-9-1
游园会,2024-10-1,2024-10-5,party,2024-9-1
深海秘宝,2024-10-1,2024-10-4,sea,2024-9-1
珍珠累销,2024-10-1,2024-10-4,pearl,2024-9-1
行脚商人,2024-10-6,2024-10-9,shop,2024-9-1
超级转盘,2024-10-6,2024-10-9,turn,2024-9-1
神武锻造,2024-10-6,2024-10-9,god,2024-9-1
神魔之乱,2024-10-10,2024-10-14,monster,2024-9-1
倍率转盘,2024-10-11,2024-10-14,turnpro,2024-9-1
行脚商人,2024-10-15,2024-10-18,shop,2024-9-1
情人节活动,2024-10-15,2024-10-19,cp,2024-9-1
神武锻造,2024-10-15,2024-10-18,god,2024-9-1
限购礼包,2024-10-20,2024-10-22,good,2024-9-1
超级转盘,2024-10-20,2024-10-23,turn,2024-9-1
深海秘宝,2024-10-20,2024-10-23,sea,2024-9-1
全民团购节,2024-10-24,2024-10-27,shopping,2024-9-1
限购礼包,2024-10-25,2024-10-27,good,2024-9-1
倍率转盘,2024-10-24,2024-10-27,turnpro,2024-9-1
神兵出世,2024-10-25,2024-10-28,soldier,2024-9-1
行脚商人,2024-10-28,2024-10-31,shop,2024-9-1
游园会,2024-10-28,2024-11-1,party,2024-9-1
神武锻造,2024-10-28,2024-11-1,god,2024-9-1
全民团购节,2024-11-2,2024-11-5,shopping,2024-10-1
超级转盘,2024-11-2,2024-11-5,turn,2024-10-1
神兵出世,2024-11-2,2024-11-4,soldier,2024-10-1
神魔之乱,2024-11-6,2024-11-10,monster,2024-10-1
神武锻造,2024-11-8,2024-11-10,god,2024-10-1
限购礼包,2024-11-7,2024-11-9,good,2024-10-1
自由集市,2024-11-6,2024-11-9,free,2024-10-1
周年招募,2024-10-2,2024-10-6,anisummon,2024-9-1
周年自选,2024-10-2,2024-10-5,anishop,2024-9-1
周年招募,2024-10-9,2024-10-13,anisummon,2024-9-1
周年自选,2024-10-9,2024-10-12,anishop,2024-9-1
周年招募,2024-10-16,2024-10-20,anisummon,2024-9-1
周年自选,2024-10-16,2024-10-19,anishop,2024-9-1
周年招募,2024-10-23,2024-10-27,anisummon,2024-9-1
周年自选,2024-10-23,2024-10-26,anishop,2024-9-1
周年招募,2024-10-30,2024-11-3,anisummon,2024-9-1
周年自选,2024-10-30,2024-11-2,anishop,2024-9-1
行脚商人,2024-11-11,2024-11-14,shop,2024-10-1
倍率转盘,2024-11-11,2024-11-14,turnpro,2024-10-1
情人节活动,2024-11-11,2024-11-15,cp,2024-10-1
全民团购节,2024-11-15,2024-11-18,shopping,2024-10-1
神兵出世,2024-11-16,2024-11-18,soldier,2024-10-1
游园会,2024-11-16,2024-11-19,party,2024-10-1
行脚商人,2024-11-19,2024-11-22,shop,2024-10-1
神武锻造,2024-11-20,2024-11-22,god,2024-10-1
自由集市,2024-11-20,2024-11-22,free,2024-10-1
周年活跃活动,2024-10-25,2024-10-31,aniactive,2024-9-1
周年活跃活动,2024-10-17,2024-10-23,aniactive,2024-9-1
周年活跃活动,2024-10-1,2024-10-7,aniactive,2024-9-1
周年活跃活动,2024-10-9,2024-10-15,aniactive,2024-9-1
限购礼包,2024-11-23,2024-11-25,good,2024-10-1
超级转盘,2024-11-23,2024-11-26,turn,2024-10-1
神兵出世,2024-11-24,2024-11-26,soldier,2024-10-1
全民团购节,2024-11-27,2024-11-30,shopping,2024-10-1
情人节活动,2024-11-27,2024-12-1,cp,2024-10-1
神武锻造,2024-11-28,2024-11-30,god,2024-10-1
神兵出世,2024-12-2,2024-12-4,soldier,2024-11-1
行脚商人,2024-12-2,2024-12-5,shop,2024-11-1
游园会,2024-12-2,2024-12-6,party,2024-11-1
自由集市,2024-12-2,2024-12-5,free,2024-11-1
全民团购节,2024-12-7,2024-12-10,shopping,2024-11-1
超级转盘,2024-12-7,2024-12-10,turn,2024-11-1
深海秘宝,2024-12-7,2024-12-10,sea,2024-11-1
限购礼包,2024-12-11,2024-12-13,good,2024-11-1
神武锻造,2024-12-11,2024-12-13,god,2024-11-1
神魔之乱,2024-12-11,2024-12-14,monster,2024-11-1
行脚商人,2024-12-15,2024-12-18,shop,2024-11-1
超级转盘,2024-12-15,2024-12-18,turn,2024-11-1
神兵出世,2024-12-17,2024-12-19,soldier,2024-11-1
全民团购节,2024-12-20,2024-12-22,shopping,2024-11-1
情人节活动,2024-12-19,2024-12-22,cp,2024-11-1
倍率转盘,2024-12-20,2024-12-22,turnpro,2024-11-1
神武锻造,2024-12-23,2024-12-25,god,2024-11-1
全民团购节,2024-12-27,2024-12-29,shopping,2024-11-1
周年招募,2024-12-23,2024-12-27,anisummon,2024-11-1
周年自选,2024-12-23,2024-12-26,anishop,2024-11-1
元旦,2024-12-23,2024-12-27,yuandan,2024-11-1
超级转盘,2024-12-27,2024-12-30,turn,2024-11-1
神兵出世,2024-12-28,2024-12-30,soldier,2024-11-1
元旦,2024-12-31,2025-1-4,yuandan,2024-11-1
神魔之乱,2024-12-31,2025-1-3,monster,2024-11-1
限购礼包,2025-1-1,2025-1-3,good,2024-12-1
神武锻造,2025-1-1,2025-1-3,god,2024-12-1
情人节活动,2025-1-4,2025-1-7,cp,2024-12-1
全民团购节,2025-1-4,2025-1-6,shopping,2024-12-1
深海秘宝,2025-1-4,2025-1-7,sea,2024-12-1
元旦,2025-1-8,2025-1-12,yuandan,2024-12-1
神兵出世,2025-1-8,2025-1-10,soldier,2024-12-1
超级转盘,2025-1-8,2025-1-11,turn,2024-12-1
珍珠累充,2024-12-23,2024-12-26,pearlpaid,2024-11-1
珍珠累充,2024-12-27,2024-12-30,pearlpaid,2024-11-1
珍珠累充,2024-12-15,2024-12-18,pearlpaid,2024-11-1
珍珠累充,2024-12-7,2024-12-10,pearlpaid,2024-11-1
珍珠累充,2024-12-11,2024-12-14,pearlpaid,2024-11-1
珍珠累充,2024-11-23,2024-11-26,pearlpaid,2024-10-1
珍珠累充,2024-11-28,2024-12-1,pearlpaid,2024-10-1
珍珠累充,2024-11-16,2024-11-19,pearlpaid,2024-10-1
珍珠累充,2024-11-11,2024-11-14,pearlpaid,2024-10-1
珍珠累充,2024-11-2,2024-11-5,pearlpaid,2024-10-1
游园会,2025-1-12,2025-1-15,party,2024-12-1
神武锻造,2025-1-14,2025-1-15,god,2024-12-1
福瑞赏,2025-1-10,2025-1-13,furui,2024-12-1
签到礼包,2025-1-1,2025-1-15,sign,2024-12-1
行脚商人,2025-1-13,2025-1-15,shop,2024-12-1
